{
  "LAz_calibration_angles": [
    0.0,
    -18.93481622739038,
    18.93481622739038,
    -18.93481622739038,
    0.0,
    18.93481622739038,
    -18.93481622739038,
    18.93481622739038,
    0.0,
    0.0
  ],
  "LAz_voltages_combinations": [
    [
      -115284.89021956088,
      -108140.22155688623,
      39294.565868263475,
      315371.9620758483,
      165036.72055888223,
      1.0
    ],
    [
      -114850.31605184446,
      -106832.02492522432,
      40191.9371884347,
      316873.65403788636,
      164429.07577268194,
      1.0
    ],
    [
      -114890.481555334,
      -108696.52642073779,
      37979.96909272183,
      314374.0289132602,
      165553.83050847458,
      1.0
    ],
    [
      -115824.77390438247,
      -106713.17828685259,
      40608.54083665339,
      319146.35557768925,
      165835.40537848606,
      1.0
    ],
    [
      -114480.75074775673,
      -107308.05882352941,
      37927.31804586241,
      315188.77567298105,
      164558.72382851446,
      1.0
    ],
    [
      -115124.34895314058,
      -108390.9740777667,
      37704.79960119641,
      315655.1814556331,
      166639.0109670987,
      1.0
    ],
    [
      -114854.60479041917,
      -106394.34131736527,
      40045.95708582834,
      318712.16966067866,
      165517.38223552893,
      1.0
    ],
    [
      -113816.42857142857,
      -108022.56943056943,
      36689.355644355644,
      313245.4245754246,
      164750.0779220779,
      1.0
    ],
    [
      -115016.92807192807,
      -107401.5004995005,
      39287.33366633367,
      317941.8321678322,
      166448.74825174824,
      1.0
    ],
    [
      -114275.00299102692,
      -107265.82851445663,
      38750.72881355932,
      317038.111665005,
      165707.20538384846,
      1.0
    ]
  ],
  "LAz_calibration_parameters": [
    0.0026915049108225033,
    -0.009138335725321214,
    -0.005166776264594483,
    -0.0010296687021333038,
    0.005080414208852893,
    -987.5073269928902
  ],
  "LAz_mse": 0.600040510621692,
  "LEl_calibration_angles": [
    0.0,
    11.105743104985645,
    0.0,
    -11.105743104985645,
    11.105743104985645,
    -11.105743104985645,
    0.0,
    11.105743104985645,
    -11.105743104985645,
    0.0
  ],
  "LEl_voltages_combinations": [
    [
      -115284.89021956088,
      -108140.22155688623,
      39294.565868263475,
      315371.9620758483,
      165036.72055888223,
      1.0
    ],
    [
      -114850.31605184446,
      -106832.02492522432,
      40191.9371884347,
      316873.65403788636,
      164429.07577268194,
      1.0
    ],
    [
      -114890.481555334,
      -108696.52642073779,
      37979.96909272183,
      314374.0289132602,
      165553.83050847458,
      1.0
    ],
    [
      -115824.77390438247,
      -106713.17828685259,
      40608.54083665339,
      319146.35557768925,
      165835.40537848606,
      1.0
    ],
    [
      -114480.75074775673,
      -107308.05882352941,
      37927.31804586241,
      315188.77567298105,
      164558.72382851446,
      1.0
    ],
    [
      -115124.34895314058,
      -108390.9740777667,
      37704.79960119641,
      315655.1814556331,
      166639.0109670987,
      1.0
    ],
    [
      -114854.60479041917,
      -106394.34131736527,
      40045.95708582834,
      318712.16966067866,
      165517.38223552893,
      1.0
    ],
    [
      -113816.42857142857,
      -108022.56943056943,
      36689.355644355644,
      313245.4245754246,
      164750.0779220779,
      1.0
    ],
    [
      -115016.92807192807,
      -107401.5004995005,
      39287.33366633367,
      317941.8321678322,
      166448.74825174824,
      1.0
    ],
    [
      -114275.00299102692,
      -107265.82851445663,
      38750.72881355932,
      317038.111665005,
      165707.20538384846,
      1.0
    ]
  ],
  "LEl_calibration_parameters": [
    0.005509383990021567,
    0.0026535027954954563,
    0.0012298973937765068,
    -0.002026743254744996,
    -0.00717199839671101,
    2697.9840469972755
  ],
  "LEl_mse": 1.5226019799986292,
  "RAz_calibration_angles": [
    0.0,
    -18.93481622739038,
    18.93481622739038,
    -18.93481622739038,
    0.0,
    18.93481622739038,
    -18.93481622739038,
    18.93481622739038,
    0.0,
    0.0
  ],
  "RAz_voltages_combinations": [
    [
      226313.19660678643,
      -115626.26846307385,
      232580.64570858283,
      39059.64670658683,
      1.0
    ],
    [
      227214.21335992025,
      -116879.24526420738,
      232019.02791625125,
      39957.0149551346,
      1.0
    ],
    [
      226654.82751744764,
      -114202.65304087737,
      232589.02492522434,
      37745.068793619146,
      1.0
    ],
    [
      225926.219123506,
      -115424.77689243028,
      233243.02589641433,
      40373.54482071713,
      1.0
    ],
    [
      227092.3260219342,
      -115408.00897308075,
      231735.259222333,
      37692.772681954135,
      1.0
    ],
    [
      226145.7337986042,
      -113122.07876370888,
      233165.3220338983,
      37470.126620139585,
      1.0
    ],
    [
      226192.4351297405,
      -115518.64570858283,
      232823.36427145707,
      39810.99001996008,
      1.0
    ],
    [
      226099.87612387614,
      -114231.43456543457,
      231676.7992007992,
      36454.67032967033,
      1.0
    ],
    [
      225687.64635364636,
      -114106.91608391609,
      233264.44755244756,
      39052.908091908095,
      1.0
    ],
    [
      226574.63509471586,
      -114541.6331006979,
      232653.2333000997,
      38516.68195413759,
      1.0
    ]
  ],
  "RAz_calibration_parameters": [
    0.0017873797903511593,
    -0.0135307043867802,
    0.030095311448125796,
    -0.025106233817359137,
    -7989.388380855075
  ],
  "RAz_mse": 11.683596324928109,
  "REl_calibration_angles": [
    0.0,
    11.105743104985645,
    0.0,
    -11.105743104985645,
    11.105743104985645,
    -11.105743104985645,
    0.0,
    11.105743104985645,
    -11.105743104985645,
    0.0
  ],
  "REl_voltages_combinations": [
    [
      226313.19660678643,
      -115626.26846307385,
      232580.64570858283,
      39059.64670658683,
      1.0
    ],
    [
      227214.21335992025,
      -116879.24526420738,
      232019.02791625125,
      39957.0149551346,
      1.0
    ],
    [
      226654.82751744764,
      -114202.65304087737,
      232589.02492522434,
      37745.068793619146,
      1.0
    ],
    [
      225926.219123506,
      -115424.77689243028,
      233243.02589641433,
      40373.54482071713,
      1.0
    ],
    [
      227092.3260219342,
      -115408.00897308075,
      231735.259222333,
      37692.772681954135,
      1.0
    ],
    [
      226145.7337986042,
      -113122.07876370888,
      233165.3220338983,
      37470.126620139585,
      1.0
    ],
    [
      226192.4351297405,
      -115518.64570858283,
      232823.36427145707,
      39810.99001996008,
      1.0
    ],
    [
      226099.87612387614,
      -114231.43456543457,
      231676.7992007992,
      36454.67032967033,
      1.0
    ],
    [
      225687.64635364636,
      -114106.91608391609,
      233264.44755244756,
      39052.908091908095,
      1.0
    ],
    [
      226574.63509471586,
      -114541.6331006979,
      232653.2333000997,
      38516.68195413759,
      1.0
    ]
  ],
  "REl_calibration_parameters": [
    0.00165861259417658,
    0.0024986285951012726,
    -0.018747269362228872,
    0.0032481247932148968,
    4146.339841243916
  ],
  "REl_mse": 1.6104478101450344,