{
  "sampling_rate": 1000.0,
  "passband_freq": 30.0,
  "stopband_freq": 50.0,
  "passband_ripple": 0.1,
  "stopband_atten": 60.0,
  "filter_coeffs": [
    0.0002380007362651063,
    0.00013114345438947135,
    0.0001543818853568166,
    0.00016936145511932006,
    0.00017240356154709318,
    0.00016000391976027188,
    0.00012938217670442146,
    7.867952327368154e-05,
    7.4913743340802354e-06,
    -8.306325308391136e-05,
    -0.00018986920700712036,
    -0.00030795797589509047,
    -0.00043035710563225666,
    -0.0005485523198530151,
    -0.0006527957928503032,
    -0.0007328407545925341,
    -0.0007784090060433208,
    -0.0007802305833306467,
    -0.0007306269705832131,
    -0.0006248544389582162,
    -0.00046154463917574086,
    -0.00024354203108294058,
    2.2259936149480738e-05,
    0.0003242004679807324,
    0.0006462973410071071,
    0.0009684417446439345,
    0.0012689486737260437,
    0.00152353152695825,
    0.00170817521939037,
    0.001801444334228751,
    0.0017843762690401977,
    0.0016444855880420773,
    0.0013755226969456257,
    0.0009800353972653072,
    0.0004692714898039264,
    -0.00013582118326029423,
    -0.0008055608995472667,
    -0.0015020210098191755,
    -0.0021813273411128054,
    -0.0027954619448674733,
    -0.003295598087574621,
    -0.003634914950067047,
    -0.003772396730160435,
    -0.0036760209092289863,
    -0.00332610831665636,
    -0.0027176387623635266,
    -0.0018625096922745424,
    -0.0007902456729156733,
    0.0004518259534196404,
    0.0018002775482763283,
    0.00317771963290519,
    0.00449660094424841,
    0.0056637978347686534,
    0.0065864004282078815,
    0.0071769815453547265,
    0.007360786863778418,
    0.007080780669149884,
    0.0063037301188731045,
    0.005024346406307343,
    0.003268602620070279,
    0.0010952744677200533,
    -0.0014042345668713234,
    -0.004108135936959344,
    -0.006868193078431105,
    -0.00951572968167666,
    -0.011869031885702593,
    -0.013742157155367472,
    -0.014954597753534605,
    -0.015341095096579955,
    -0.014761490860714906,
    -0.013109760838666053,
    -0.010321646826635769,
    -0.006380711764953653,
    -0.0013220014673310226,
    0.004766574867532763,
    0.01174565065287451,
    0.01942843131941292,
    0.027587267841816233,
    0.035962467584779195,
    0.04427322850189418,
    0.05222950982437524,
    0.05954509622612457,
    0.06595059745102085,
    0.07120571966245336,
    0.07511077277974516,
    0.07751582389533605,
    0.07832800393879931,
    0.07751582389533605,
    0.07511077277974516,
    0.07120571966245336,
    0.06595059745102085,
    0.05954509622612457,
    0.05222950982437524,
    0.04427322850189418,
    0.035962467584779195,
    0.027587267841816233,
    0.01942843131941292,
    0.01174565065287451,
    0.004766574867532763,
    -0.0013220014673310226,
    -0.006380711764953653,
    -0.010321646826635769,
    -0.013109760838666053,
    -0.014761490860714906,
    -0.015341095096579955,
    -0.014954597753534605,
    -0.013742157155367472,
    -0.011869031885702593,
    -0.00951572968167666,
    -0.006868193078431105,
    -0.004108135936959344,
    -0.0014042345668713234,
    0.0010952744677200533,
    0.003268602620070279,
    0.005024346406307343,
    0.0063037301188731045,
    0.007080780669149884,
    0.007360786863778418,
    0.0071769815453547265,
    0.0065864004282078815,
    0.0056637978347686534,
    0.00449660094424841,
    0.00317771963290519,
    0.0018002775482763283,
    0.0004518259534196404,
    -0.0007902456729156733,
    -0.0018625096922745424,
    -0.0027176387623635266,
    -0.00332610831665636,
    -0.0036760209092289863,
    -0.003772396730160435,
    -0.003634914950067047,
    -0.003295598087574621,
    -0.0027954619448674733,
    -0.0021813273411128054,
    -0.0015020210098191755,
    -0.0008055608995472667,
    -0.00013582118326029423,
    0.0004692714898039264,
    0.0009800353972653072,
    0.0013755226969456257,
    0.0016444855880420773,
    0.0017843762690401977,
    0.001801444334228751,
    0.00170817521939037,
    0.00152353152695825,
    0.0012689486737260437,
    0.0009684417446439345,
    0.0006462973410071071,
    0.0003242004679807324,
    2.2259936149480738e-05,
    -0.00024354203108294058,
    -0.00046154463917574086,
    -0.0006248544389582162,
    -0.0007306269705832131,
    -0.0007802305833306467,
    -0.0007784090060433208,
    -0.0007328407545925341,
    -0.0006527957928503032,
    -0.0005485523198530151,
    -0.00043035710563225666,
    -0.00030795797589509047,
    -0.00018986920700712036,
    -8.306325308391136e-05,
    7.4913743340802354e-06,
    7.867952327368154e-05,
    0.00012938217670442146,
    0.00016000391976027188,
    0.00017240356154709318,
    0.00016936145511932006,
    0.0001543818853568166,
    0.00013114345438947135,
    0.0002380007362651063
  ],
  "group_delay": 86
}